<?xml version="1.0" encoding="UTF-8"?>
<configurationDescriptor version="62">
  <logicalFolder name="root" displayName="root" projectFiles="true">
    <logicalFolder name="HeaderFiles"
                   displayName="Header Files"
                   projectFiles="true">
      <logicalFolder name="System" displayName="System" projectFiles="true">
        <itemPath>../osa/kernel/events/osa_bsem.h</itemPath>
        <itemPath>../osa/kernel/events/osa_csem.h</itemPath>
        <itemPath>../osa/kernel/timers/osa_dtimer.h</itemPath>
        <itemPath>../osa/kernel/events/osa_flag.h</itemPath>
        <itemPath>../osa/port/osa_include.h</itemPath>
        <itemPath>../osa/kernel/events/osa_msg.h</itemPath>
        <itemPath>../osa/kernel/osa_oldnames.h</itemPath>
        <itemPath>../osa/port/pic18/osa_pic18_mplabc.h</itemPath>
        <itemPath>../osa/kernel/timers/osa_qtimer.h</itemPath>
        <itemPath>../osa/kernel/events/osa_queue.h</itemPath>
        <itemPath>../osa/kernel/events/osa_smsg.h</itemPath>
        <itemPath>../osa/kernel/events/osa_squeue.h</itemPath>
        <itemPath>../osa/kernel/timers/osa_stimer.h</itemPath>
        <itemPath>../osa/kernel/timers/osa_stimer_old.h</itemPath>
        <itemPath>../osa/kernel/system/osa_system.h</itemPath>
        <itemPath>../osa/kernel/system/osa_tasks.h</itemPath>
        <itemPath>../osa/kernel/timers/osa_timer.h</itemPath>
        <itemPath>../osa/kernel/timers/osa_ttimer.h</itemPath>
      </logicalFolder>
      <itemPath>../osa/osa.h</itemPath>
      <itemPath>../OSAcfg.h</itemPath>
      <itemPath>../Quadrature.h</itemPath>
      <itemPath>../xlcd/xlcd.h</itemPath>
      <itemPath>../pwm/pwm.h</itemPath>
      <itemPath>../usart/usart.h</itemPath>
      <itemPath>../myadc.h</itemPath>
    </logicalFolder>
    <logicalFolder name="LibraryFiles"
                   displayName="Library Files"
                   projectFiles="true">
    </logicalFolder>
    <logicalFolder name="LinkerScript"
                   displayName="Linker Files"
                   projectFiles="true">
      <itemPath>../rm18f4550 - HID Bootload.lkr</itemPath>
    </logicalFolder>
    <logicalFolder name="ObjectFiles"
                   displayName="Object Files"
                   projectFiles="true">
    </logicalFolder>
    <logicalFolder name="SourceFiles"
                   displayName="Source Files"
                   projectFiles="true">
      <itemPath>../osa/osa.c</itemPath>
      <itemPath>../main.c</itemPath>
      <itemPath>../Timer0.c</itemPath>
      <itemPath>../Quadrature.c</itemPath>
      <itemPath>../xlcd/xlcd.c</itemPath>
      <itemPath>../xlcd/xlcddelay.c</itemPath>
      <itemPath>../pwm/pwm.c</itemPath>
      <itemPath>../usart/usart.c</itemPath>
      <itemPath>../myadc.c</itemPath>
    </logicalFolder>
    <logicalFolder name="ExternalFiles"
                   displayName="Important Files"
                   projectFiles="false">
      <itemPath>Makefile</itemPath>
    </logicalFolder>
  </logicalFolder>
  <sourceRootList>
    <Elem>../</Elem>
  </sourceRootList>
  <projectmakefile>Makefile</projectmakefile>
  <confs>
    <conf name="default" type="2">
      <toolsSet>
        <developmentServer>localhost</developmentServer>
        <targetDevice>PIC18F4550</targetDevice>
        <targetHeader></targetHeader>
        <targetPluginBoard></targetPluginBoard>
        <platformTool>Simulator</platformTool>
        <languageToolchain>C18</languageToolchain>
        <languageToolchainVersion>3.40</languageToolchainVersion>
        <platform>4</platform>
      </toolsSet>
      <compileType>
        <linkerTool>
          <linkerLibItems>
          </linkerLibItems>
        </linkerTool>
        <loading>
          <useAlternateLoadableFile>false</useAlternateLoadableFile>
          <alternateLoadableFile></alternateLoadableFile>
        </loading>
      </compileType>
      <makeCustomizationType>
        <makeCustomizationPreStepEnabled>false</makeCustomizationPreStepEnabled>
        <makeCustomizationPreStep></makeCustomizationPreStep>
        <makeCustomizationPostStepEnabled>false</makeCustomizationPostStepEnabled>
        <makeCustomizationPostStep></makeCustomizationPostStep>
        <makeCustomizationPutChecksumInUserID>false</makeCustomizationPutChecksumInUserID>
        <makeCustomizationEnableLongLines>false</makeCustomizationEnableLongLines>
        <makeCustomizationNormalizeHexFile>false</makeCustomizationNormalizeHexFile>
      </makeCustomizationType>
      <C18>
        <property key="code-model" value="ms"/>
        <property key="data-model" value="oa-"/>
        <property key="default-char-unsigned" value="false"/>
        <property key="enable-all-optimizations" value="true"/>
        <property key="enable-int-promotion" value="false"/>
        <property key="enable-multi-bank-stack-model" value="false"/>
        <property key="enable-ob" value="true"/>
        <property key="enable-od" value="true"/>
        <property key="enable-om" value="true"/>
        <property key="enable-on" value="true"/>
        <property key="enable-op" value="true"/>
        <property key="enable-opa" value="false"/>
        <property key="enable-or" value="true"/>
        <property key="enable-os" value="true"/>
        <property key="enable-ot" value="true"/>
        <property key="enable-ou" value="true"/>
        <property key="enable-ow" value="true"/>
        <property key="extra-include-directories"
                  value="/Applications/microchip/mplabc18/v3.40/h;../osa;..;../xlcd;../pwm;../osa/kernel/events;../osa/kernel/timers;../osa/port;../osa/kernel;../osa/port/pic18;../osa/kernel/system;../usart"/>
        <property key="optimization-master" value="Custom"/>
        <property key="preprocessor-macros" value=""/>
        <property key="procedural-abstraction-passes" value="0"/>
        <property key="storage-class" value="sca"/>
        <property key="verbose" value="false"/>
        <property key="warning-level" value="2"/>
      </C18>
      <C18-AS>
        <property key="cross.reference.file" value=""/>
        <property key="default.radix" value="HEX"/>
        <property key="enable.case.sensitivity" value="true"/>
        <property key="hex.output.format" value="INHX32"/>
        <property key="preprocessor.macros" value=""/>
        <property key="warning.level" value="0"/>
        <appendMe value=" "/>
      </C18-AS>
      <C18-LD>
        <property key="cod-file" value="true"/>
        <property key="extra-lib-directories"
                  value="/Applications/microchip/mplabc18/v3.40/lib"/>
        <property key="hex-output-format" value="INHX32"/>
        <property key="map-file" value="&quot;$(BINDIR_)$(TARGETBASE).map&quot;"/>
      </C18-LD>
      <C18LanguageToolchain>
        <property key="extended-mode" value="false"/>
        <property key="extended-mode-mcc18" value="false"/>
        <property key="extended-mode-mpasm" value="false"/>
        <property key="extended-mode-mplink" value="false"/>
        <property key="stack-analysis" value="false"/>
        <property key="stack-analysis-mcc18" value="false"/>
        <property key="stack-analysis-mplink" value="false"/>
      </C18LanguageToolchain>
      <Simulator>
      </Simulator>
    </conf>
  </confs>
</configurationDescriptor>
